noise_std,mean,std,count
0.0,0.2019901084713248,0.010995088938433858,319200
0.05,0.25290530218262075,0.013190000459945115,319200
0.1,0.27121057869408133,0.012477599055615416,319200
0.15,0.2837206946690869,0.013681346203634936,319200
0.2,0.30233716850497594,0.012597486383812681,319200
0.25,0.315384906029636,0.01205309366678938,319200
0.3,0.33223079477931455,0.011854222977471593,319200
