noise_std,mean,std,count
0.0,0.05658117420191351,0.0036762962396324934,319200
0.05,0.06594114342095234,0.0037347870560188894,319200
0.1,0.07550144048424715,0.0029978731758254296,319200
0.15,0.08429595648070361,0.002597428085157386,319200
0.2,0.0940146561493361,0.0027683371879478414,319200
0.25,0.10376987632306181,0.00342167495070224,319200
0.3,0.11321678481175539,0.0031261245510592066,319200
