noise_std,mean,std,count
0.0,0.08417356245889636,0.010964377520888623,280896
0.05,0.09303281922217749,0.009393065346154842,280896
0.1,0.09980579209269307,0.011395077162457154,280896
0.15,0.10920567684748272,0.01295382091234837,280896
0.2,0.11782916107430069,0.013937991891193467,280896
0.25,0.12383687674320365,0.01167789909312661,280896
0.3,0.13290530091078437,0.010145732306605709,280896
